<?xml version="1.0" encoding="utf-8"?>
<odoo>
    <data>

        <record id="framework_menu" model="website.menu">
            <field name="name">Framework</field>
            <field name="url">/framework</field>
            <field name="parent_id" ref="website.main_menu"/>
        </record>

        <record id="erp_ptform_menu" model="website.menu">
            <field name="name">ERP Platform</field>
            <field name="url">/erp-platfrom</field>
            <field name="parent_id" ref="website.main_menu"/>
        </record>

        <record id="app_management_menu" model="website.menu">
            <field name="name">App Management</field>
            <field name="url">/app-management</field>
            <field name="parent_id" ref="website.main_menu"/>
        </record>

        <record id="pricing_menu" model="website.menu">
            <field name="name">Pricing</field>
            <field name="url">/</field>
            <field name="parent_id" ref="website.main_menu"/>
        </record>


    </data>

</odoo>
